command,native_kind,parameter_count,parameter_types,version_scope,native_state_reads,native_state_writes,state_lifetime,cross_pass_visibility,admission_semantics,failure_semantics,completion_semantics,recovery_semantics,performance_class,community_usage_frequency,community_examples,engine_evidence,community_evidence,compiler_status,compiler_module,compiler_test,confidence,unknowns
set-goal,action,2,"goal-id,int",AoC-DE,goal slot,goal slot write,game,persist,always accepted,silent overwrite,n/a,re-init rules,free,very-high 23225 hits,"Promisory/*;Naga/*;Duke constants",native_engine_effects.py:161-217;emitter emits init,local corpus counts + Duke/Basilisk usage,IMPLEMENTED,runtime_binding.py+emitter/per.py,test_runtime_binding+test_compiler,high,slot-range authoritative max
goal,fact,2,"goal-id,int",AoC-DE,goal slot,none,read,n/a,n/a,n/a,n/a,n/a,free,very-high,"Promisory/*;TSA size-attack",pass_scheduler 284-292;recurrent 140-157,local 23k co-hits,IMPLEMENTED,semantic/pass_scheduler.py,test_pass_scheduler,high,none
up-compare-goal,fact,3,"goal-id,op,int",UP-DE,goal slot,none,read,n/a,n/a,n/a,n/a,n/a,free,high,"Duke;Promisory",native_engine_effects;SNSEM,DUC/test corpora,IMPLEMENTED,primitives/engine_semantics.py,test_native_engine_effects,high,none
up-modify-goal,action,3,"goal-id,op,int; c:/g: forms",UP-DE,goal slot,goal slot write,game,persist,always accepted,overwrite,n/a,rewrite,free,high,"Duke G-PRIMARY-UNIT+2;Promisory",strategic_number_semantics c:/g:/s:,Duke +2 idiom + local,IMPLEMENTED,semantic/strategic_number_semantics.py,test_strategic_number_semantics,high,none
set-strategic-number,action,2,"sn-id,int",AoC-DE,SN slot,SN slot write,game,persist,known-SN else silent ignore,silent ignore,n/a,idempotent rewrite,free,very-high 10202 hits,"Niek camp ladder;Duke per-age modes",pass_scheduler 156-165;SNSEM-001..009,Duke + Niek + local 10k,PARTIAL (analysis+infra; no DSL alloc),semantic/strategic_number_semantics.py+runtime_binding.py,test_strategic_number_*,high,per-SN auto-mutation list
up-modify-sn,action,3,"sn-id,op,int; c:/g:/s:",UP-DE,SN slot,SN slot write,game,persist,same as set-sn,silent ignore,n/a,rewrite,free,high,"Duke sn-camp-max-distance += patterns;lewisc64 += sugar",SNSEM-001..009 parse+evaluate,lewisc64 DSL + Duke,PARTIAL,semantic/strategic_number_semantics.py,test_strategic_number_semantics,high,version scope per SN
up-compare-sn,fact,3,"sn-id,op,int",UP-DE,SN slot,none,read,n/a,n/a,n/a,n/a,n/a,free,medium-high,"Duke military-superiority uses players-military;Promisory",SNSEM evaluate_comparison,Duke + local,PARTIAL,semantic/strategic_number_semantics.py,test_strategic_number_scheduler,high,none
strategic-number,fact,2,"sn-id,int-eq",AoC-DE,SN slot,none,read,n/a,n/a,n/a,n/a,n/a,free,high,"Eruner TSA sn-maximum-town-size==N chain",pass_scheduler evaluate,Eruner + Duke,IMPLEMENTED (scheduler equality),semantic/pass_scheduler.py,test_pass_scheduler,high,none
enable-timer,action,2,"timer-id,seconds",AoC-DE,timer slot,timer arm,until trigger/disable,persist,slot 1..50 else silent,silent,n/a (trigger flag),rearm rules,free,high 1782 hits,"Duke T-DIPLOMACY/T-RESIGN 30s",pass_scheduler 150-155;recurrent 239-249,Duke + local,PARTIAL (no DSL alloc),semantic/pass_scheduler.py+ir/recurrent.py,test_timer_semantics,high,pass granularity exact
disable-timer,action,1,"timer-id",AoC-DE,timer slot,timer disarm,immediate,n/a,always,silent,n/a,n/a,free,medium,"Promisory cooldowns",pass_scheduler 166-169,local,PARTIAL,semantic/pass_scheduler.py,test_timer_semantics,high,none
timer-triggered,fact,1,"timer-id",AoC-DE,timer flag,none,one-pass staged,n/a,n/a,n/a,n/a,n/a,free,high 2278 hits,"Duke;Promisory",pass_scheduler 293-296 (staged expiry; never statically true recurrent 185-186),local + Duke,PARTIAL,semantic/pass_scheduler.py,test_timer_persistent_state,high,static-true impossible by design
up-set-timer,action,2,"timer-id,seconds",UP-DE,timer slot,arm (neg disables),until trigger,persist,same as enable,silent,n/a,rearm,free,medium,"Promisory",pass_scheduler 170-178,local,PARTIAL,semantic/pass_scheduler.py,test_timer_semantics,medium,negative-disable edge
up-timer-status,fact,3,"timer-id,op,int",UP-DE,timer slot,none,read,n/a,n/a,n/a,n/a,n/a,free,low,"ordnance?",recurrent 172-183 equality-only,rare local,PARTIAL,semantic/recurrent_execution.py,test_timer_semantics,medium,full status value domain
disable-self,action,0,,AoC-DE,rule elf,rule disables self,permanent until reload,n/a,always,n/a (fires),n/a,n/a (static),free,high 3351 hits,"Duke one-shot inits;Promisory",pass_scheduler 179-180;rule_execution,local + Duke,IMPLEMENTED,semantic/pass_scheduler.py+rule_execution.py,test_rule_execution,high,interaction with jumps
up-jump-rule,action,1,int,UP-DE,rule pointer,skip N rules,immediate jump,n/a,target exists else fallthrough,fallthrough,n/a,restructure,free,high 6449 hits,"Promisory dispatch tables",pass_scheduler 181-189,local 6.4k,IMPLEMENTED (scheduler models skip),semantic/pass_scheduler.py,test_pass_scheduler,medium,jump-into-disabled behavior
build,action,1,building-id,AoC-DE,"pending counts; building counts; resources",foundation order + builder assign,ISSUED-PENDING-COMPLETE,persist counts,can-build/can-afford required,silent fail (placement/busy/cap),count increment + pending decrement,retry barrier (PR86),metered (pass singleton),high 2977 hits,"Promisory buildings.per;Duke buildings 88KB",registry BUILD_PASS_SINGLETON + emitter claim reset,local + Duke,IMPLEMENTED (+PR86 unmerged hardening),primitives/registry.py+emitter/per.py+semantic/action_issuance.py,test_action_issuance+test_compiler,high,foundation/placement split exactness
can-build,fact,1,building-id,AoC-DE,tech tree + resources,none,read,n/a,n/a,n/a,n/a,n/a,free,high,"Promisory;Duke",engine_semantics feasibility,local + Duke,IMPLEMENTED,primitives/engine_semantics.py,test_fact_evaluation,high,none
can-afford-building,fact,1,building-id,UP-DE,resources,none,read,n/a,n/a,n/a,n/a,n/a,free,medium,"Promisory",registry feasibility,local,IMPLEMENTED,primitives/registry.py,test_fact_registry,high,none
up-pending-objects,fact,2,"obj-type,int",UP-DE,pending count,none,read,n/a,n/a,n/a,n/a,n/a,free,high 1987 hits,"lewisc64 retry caps;Promisory",community_engine 351-356 as guard (witness rejected),lewisc64 + local,PARTIAL (guard yes; witness no),semantic/community_engine.py,test_compiler (pending-witness rejection),high,whether total+pending jointly sufficient
up-pending-placement,fact,0,,UP-DE,placement state,none,read,n/a,n/a,n/a,n/a,n/a,free,low,"PR86 native fact",PR86 contracts 854fb16/1ec7af8,PR86 docs,PR86-ONLY (unmerged),semantic (PR86 branch),PR86 tests,low,needs main-merge + engine proof
train,action,1,unit-id,AoC-DE,"queue; unit counts; resources",queue +1,ISSUED-PENDING-COMPLETE,persist counts,can-train required,silent fail (queue full/busy),count increment,reassert while count+queued<target,metered,medium 1463 hits,"Duke counter_units;Promisory",registry train ACTION + witness catalog,local + Duke,IMPLEMENTED-generic; queue-cap OPEN,primitives/registry.py+semantic/community_engine.py,test_compiler,test_capability_bridge,medium,queue capacity exact; provider-idle signal
can-train,fact,1,unit-id,AoC-DE,provider + resources,none,read,n/a,n/a,n/a,n/a,n/a,free,medium,"Duke;Promisory",engine_semantics 219-220,local + Duke,IMPLEMENTED,primitives/engine_semantics.py,test_fact_evaluation,high,none
up-train-site-ready,fact,2,"typeOp,unit-id",UP,"training-site readiness/availability",none,read,n/a,n/a,n/a,n/a,n/a,free,medium,"AIRef;UserPatch 20120913",engine_semantics admissibility.train.site-ready,AIRef + UserPatch,PARTIAL (typed; runtime busy/queue semantics open),primitives/engine_semantics.py+registry.py,test_production_provider_readiness,high,"exact provider busy/queue interaction"
unit-type-count,fact,2,"unit-id,int",AoC-DE,unit counts,none,read,n/a,n/a,n/a,n/a,n/a,free,medium,"Duke military-superiority staircase",registry witness unit-type-count>=1,niektb + Duke,IMPLEMENTED (witness),primitives/registry.py,test_native_contract_integration,high,none
research,action,1,tech-id,AoC-DE,"tech status; resources",research order,PENDING-COMPLETE permanent,persist completed,can-research+prereqs required,silent fail,rearch-completed true,protected reassertion,metered,high 2942 can-research hits,"Duke technologies 45KB;Promisory",registry research ACTION + completion witness,local + Duke,IMPLEMENTED-generic; escrow-claim OPEN,primitives/registry.py+ir/strategy.py,test_strategy_compiler_integration,medium-high,in-progress signal existence
can-research,fact,1,tech-id,AoC-DE,prereqs + resources,none,read,n/a,n/a,n/a,n/a,n/a,free,high,"Duke techs_blacksmith",engine_semantics,local + Duke,IMPLEMENTED,primitives/engine_semantics.py,test_fact_evaluation,high,none
research-completed,fact,1,tech-id,AoC-DE,tech status,none,permanent,n/a,n/a,n/a,n/a,n/a,free,medium,"Promisory",registry + community_engine 357-362,local,IMPLEMENTED (witness),semantic/community_engine.py,test_community_engine,high,none
attack-now,action,0,,AoC-DE,"attack groups; explored target",attack launch,one-shot,n/a (no handle),explored target expected (UNCONFIRMED),silent no-op,no completion signal,reassess via timers+parity,free,very-low 47 hits (control is SN/town-size mediated),"Duke attack.per;Eruner TSA terminal",native_controller attack-group-control EVIDENCE_ONLY,local 47 + Duke + Eruner,EVIDENCE-ONLY (no lifecycle),semantic/native_controller.py,test_native_controller_semantics,low,admission exact; group semantics; completion signal
up-find-local,fact-ish,2,"obj-type,int",UP-DE,world objects,search list fill,retained until reset,retained (generation++),capacity 240 local,silent empty,re-search on reset bounded,moderate (list-size sensitive),very-high (up-find 11595),"Duke primitive TC search;Promisory pipelines",duc.py _apply_duc_search 1028-1262,local + Duke + lewisc64,ANALYZER-IMPLEMENTED; BINDER-UNSUPPORTED,semantic/duc.py,test_duc_semantics (124),high,exhaustive stale triggers
up-find-remote,fact-ish,2,"obj-type,int",UP-DE,world objects,remote list fill (40),retained until reset,retained,capacity 40,silent empty,re-search bounded,moderate,high (in up-find count),"lewisc64 deer 909;Duke retreatpoint",duc.py focus-player 486-548,lewisc64 + Duke,ANALYZER-IMPLEMENTED; BINDER-UNSUPPORTED,semantic/duc.py,test_duc_semantics,medium,focus-player reset exactness
up-set-target-object,action,2,"search-type,int",UP-DE,search list,target select,until invalidated,stale on mutation,non-empty list required,silent stale,object data readable,re-target,cheap,very-high 11898 hits,"Promisory pipelines;Duke",duc target 218-378 + DUC-005/006/007 fail-closed,local + Duke,ANALYZER-IMPLEMENTED; BINDER-UNSUPPORTED,semantic/duc.py,test_duc_semantics,high,mutation-invalidation exhaustive list
up-target-objects,action,3,"mode,formation,stance?",UP-DE,target + groups,order issue,one-shot,n/a,valid target else silent,silent,none (no ack),reassess,cheap,medium,"lewisc64 templates;Promisory",duc consumer contracts native_hygiene 741-1050,lewisc64 + local,ANALYZER-IMPLEMENTED; BINDER-UNSUPPORTED,semantic/duc.py,test_duc_oracle_consistency,medium,liveness proof
up-full-reset-search,action,0,,UP-DE,search state,clear all lists,immediate,n/a,always,n/a,n/a,n/a,cheap,medium,"Duke;lewisc64",duc resets; DUC-008 accumulation warning,Duke + lewisc64,ANALYZER-IMPLEMENTED; BINDER-UNSUPPORTED,semantic/duc.py,test_duc_semantics,high,partial-vs-full reset boundary
up-get-search-state,fact,2,"goal-id,int",UP-DE,search state,goal span write (width 4),game,persist,always,empty span,re-search,cheap,medium,"duc group-size/object-data spans",duc Goal outputs 911-948,local + tests,EVIDENCE-ONLY (spans unlowered),ir/duc.py,test_duc_semantics,medium,span width proof vs impl
up-create-group / up-reset-group / up-set-group,action,1-2,"group-id,...",UP-DE,20 groups x40,membership change,persist until reset,persist,valid id 0-19,silent ignore,n/a,recreate,cheap,medium,"Promisory group micro",duc groups 872-993 (cap 40),local,ANALYZER-IMPLEMENTED; BINDER-UNSUPPORTED,semantic/duc.py,test_duc_semantics,medium,flag semantics
release-escrow,action,1,resource,UP-DE,escrowed amounts,release to stock,immediate,persist (stock),always,n/a,n/a,n/a,free,medium (in 10859 escrow hits),"Duke commodity.per;Promisory escrow.per",native_controller resource-escrow EVIDENCE_ONLY,Duke + local,EVIDENCE-ONLY (unlowered),semantic/native_controller.py,test_native_controller_semantics,medium,release-vs-admission order
set-escrow-percentage,action,2,"resource,int",UP-DE,escrow pct,pct change,game,persist,always,n/a,n/a,n/a,free,high (in escrow hits),"Promisory escrow.per",same as above,Duke + local,EVIDENCE-ONLY (unlowered),semantic/native_controller.py,test_native_controller_interactions,medium,gating formula exact
can-afford-unit / can-afford-building / can-afford-research / can-afford-tech,fact,1,id,UP-DE,resources (+escrow awareness),none,read,n/a,n/a,n/a,n/a,n/a,free,high,"Promisory",registry feasibility + engine_semantics escrow,local,IMPLEMENTED (guards),primitives/registry.py,test_compiler (escrow feasibility),high,escrow-aware exactness
town-size attack idiom (set-strategic-number sn-maximum-town-size),action-pattern,2+,SN + attack,TSA ladder 12→144 + attack-now terminal,escalating,persist,sequence complete,silent stall,next increment,cheap,medium (town-size 1455),"Eruner size_attack.per 130 rules;Duke CAN-USE-TOWN-SIZE-ATTACK",community_engine TSA references,Eruner + Duke + local,PARTIAL (SN analysis yes; attack lifecycle no),semantic/strategic_number_semantics.py,test_strategic_number_scheduler,medium,unrolled-vs-generated equivalence
defconst,directive,2,"name,int",AoC-DE,const table,const define,static,n/a,always,n/a,n/a,n/a,free,very-high 68542,"all packages;Duke constants 68KB",source_graph defconst handling,all,EVIDENCE (parser-level),semantic/source_graph_validation.py,test_source_graph,high,reserved-goal collision (fix_byzmetateacher_arity.py)
load / #load / #load-if-defined,directive,1,path,AoC-DE,rule set,inclusion,static,n/a,file found + depth<=10,error 006/002,n/a,n/a,free,high,"Duke per-map loads;ByzMetaTeacher-main single load",source_graph resolver + validation,Duke + local,IMPLEMENTED except load-random,ir/source_graph.py+semantic/source_graph_validation.py,test_source_graph* (67),high,load-random runtime semantics
load-random,directive,1+,paths,AoC-DE,rule set,nondeterministic inclusion,static,n/a,ALWAYS RAISES 007,n/a,n/a,materialize selection,free,low-unknown,"needs corpus scan",SOURCE-GRAPH-007 requires materialization,needs scan,OPEN (flag exists; materialization unimplemented),ir/source_graph.py (LoadKind kept compat),none,low,runtime selection semantics
chat-to-all / chat-local-to-self / taunt,action,1-2,string,AoC-DE,none,diplomacy signal,one-shot,n/a,always,n/a,n/a,n/a,free,medium (debug noise),"Niek debug chats;Duke taunts 31-87 + CUSTOM-MAP vote",Duke README taunt table,Niek + Duke,OUT-OF-SCOPE (diplomacy not modeled),none,test gap noted,high,taunt-detected fact coverage
resign,action,0,,AoC-DE,game,forfeit,terminal,n/a,condition met,n/a,n/a,n/a,free,low,"Niek villager<3+military<2+castle==0;Duke T-RESIGN 30s",Duke resign.per 2.7KB,Niek + Duke,OUT-OF-SCOPE (correctly),none,none,high,none
up-assign-builders,action,2,"building-id,int",UP-DE,builders,builder assign,one-shot,n/a,pending exists else silent,silent,n/a,retry,cheap,medium,"Duke +20 attempts pattern",community build-retry references,Duke + local,EVIDENCE-ONLY,community_engine build references,test gap,medium,admission exact
up-get-fact / up-get-object-data / up-object-data,hybrid,2-3,various,UP-DE,various,goal writes,varied,persist,valid ids else empty,empty span,re-query,moderate,medium,"Promisory DUC readers",duc readers 1265-1351; hygiene consumer contracts,local,ANALYZER-PARTIAL; BINDER-UNSUPPORTED,semantic/duc.py,test_duc_semantics,medium,reader catalog completeness
players-military-population / military-population,fact,1-2,"player,int?",AoC-DE,pop counts,none,read,n/a,n/a,n/a,n/a,n/a,free,high,"Niek staircase;Duke military_parity",Duke parity + Niek buckets,Niek + Duke,IMPLEMENTED (facts),engine facts,test_fact_values,high,any-enemy aggregation exactness
enemy-buildings-in-town,fact,0,,AoC-DE,town intel,none,read,n/a,n/a,n/a,n/a,n/a,free,medium,"Eruner TSA gate",Eruner size_attack,Eruner + local,IMPLEMENTED (fact),engine facts,test_fact_registry,high,town boundary definition
housing-headroom / population-headroom,fact,0,,AoC-DE,pop cap,none,read,n/a,n/a,n/a,n/a,n/a,free,high,"Niek <4 build house",Niek + all packages,ubiquitous,IMPLEMENTED (facts),engine facts,test_fact_values,high,none
resource-found,fact,1,resource,AoC-DE,map intel,none,read-once-ish?,n/a,n/a,n/a,n/a,n/a,free,high,"Niek wood/gold dropsites",Niek + Duke dropsite rules,ubiquitous,IMPLEMENTED (facts),engine facts,test_fact_values,medium,latch-vs-live semantics (counterexample candidate)
building-type-count / building-type-count-total / unit-type-count-total,fact,2-3,"id,op?,int?",AoC-DE,counts,none,read,n/a,n/a,n/a,n/a,n/a,free,high,"lewisc64 current+queued;Promisory",analyzer rejects totals as witnesses (test_pending_and_total...),lewisc64 + local,PARTIAL (guards yes; witness no),semantic/analyzer.py,test_compiler,medium,whether totals are completion-safe
dropsite-min-distance / sn-camp-max-distance / sn-mill-max-distance / sn-maximum-*-drop-distance,SN-writes,2,SN+int,AoC-DE,SN,dropsite geometry,game,persist,known SN,silent ignore,n/a,rewrite,free,very-high,"Niek ladder;Duke Arabia table 40@2700..200@7200",SN catalog + Duke tables,Niek + Duke + local,PARTIAL (same as SN plane),semantic/strategic_number_semantics.py,test_strategic_number_scheduler,medium,geometry clamping behavior
sn-enable-new-building-system / sn-number-build-attempts-before-skip / sn-cap-civilian-builders,SN-writes,2,SN+int,UP/AoC-DE,SN,build system modes,game,persist,known SN,silent ignore,n/a,rewrite,free,high,"lewisc64 emits all three;Duke attempts 20",lewisc64 Transpiler emits; Duke 20,lewisc64 + Duke,PARTIAL,emitter gap (no SN emission from DSL),none (emitter),test gap,medium,default-value dependence
sn-percent-attack-soldiers / sn-number-attack-groups / sn-enemy-sighted-response-distance,SN-writes,2,SN+int,AoC-DE,SN,attack posture,game,persist,known SN,silent ignore,n/a,rewrite,free,high,"Niek 2<->144 toggle;Duke 200/0 + 10/20",Niek + Duke,ubiquitous,PARTIAL,descriptive only,none,test gap,medium,auto-mutation by engine (town-under-attack flows)
up-request-hunters / up-drop-resources / sn-enable-boar-hunting,UP-food-system,1-2,varies,UP-DE,hunter assignment,tasking,one-shot,n/a,valid else silent,silent,n/a,retry,cheap,medium,"lewisc64 boar 8;Promisory boarhunting.per",lewisc64 LureBoars; Promisory file,lewisc64 + local,EVIDENCE-ONLY,none,test gap,medium,completion signal for lure
