idiom_id,domain,subsystem,description,source_repository,source_file,source_hash,line_or_rule_range,code_pattern,native_commands,persistent_state_used,goal_usage,sn_usage,timer_usage,duc_usage,controller_usage,lifecycle_behavior,recovery_behavior,performance_behavior,strategy_role,evidence_class,independent_corroboration,historical_or_current,compiler_supported,compiler_gap,candidate_fixture,confidence
IDIOM-001,economy,construction,housing-headroom build gate,local-promisory + niektb-AI,buildings.per / Atilla.per,dir-scan;web-survey,early-game rules,housing-headroom<4 => build house,can-build + build,none,none,none,none,none,ACTIVE-ISSUED-PENDING-COMPLETE,retry barrier,free,opening infra,COMMUNITY PRACTICE,"Niek + Promisory + Duke (independent? Niek/Duke share era; Promisory independent DE)",current,YES (build lifecycle),none,demand-with-build-action,high
IDIOM-002,economy,construction,resource-found dropsite placement,local-promisory + niektb-AI,buildings.per / Atilla.per,dir-scan;web-survey,early rules,resource-found wood => build lumber-camp; dropsite-min-distance wood>5 => camp-max 45,can-build + build + sn-camp-max-distance,none,SN camp geometry,none,none,none,placement-pending (PR86),retry,free,opening infra,COMMUNITY PRACTICE,Niek + Promisory + Duke Arabia table (convergent geometry need; values differ),current,PARTIAL (build yes; SN-coupling no),SN-coupled build admission,fixture-build-with-sn-geometry,high
IDIOM-003,economy,construction,camp-distance time ladder,niektb-AI,Atilla.per / General Niek.per,web-survey,game-time buckets,game-time<4/7/12/16/25 => sn-camp-max-distance 11/13/15/17/20/22,set-strategic-number,none,SN camp-max-distance,none,none,none,n/a (mode),rewrite,free,opening tuning,COMMUNITY PRACTICE + STRATEGY CHOICE,Niek only (Duke uses map table instead -> DIVERGENT),historical-AoC,PARTIAL (SN analysis; no DSL emission),SN ladder lowering,fixture-sn-ladder,medium
IDIOM-004,economy,construction,map-table camp geometry,tim-kos/the_duke_ai,the_duke_lib (buildings),web-survey,map branches,Arabia sn-camp-max-distance 40@2700..200@7200; mill-max 28,set-strategic-number,none,SN camp/mill max,none,none,none,n/a,rewrite,free,map adaptation,COMMUNITY PRACTICE + STRATEGY CHOICE,Duke only (divergent from Niek ladder),historical-AoC (map set stale),PARTIAL,same as IDIOM-003,fixture-sn-map-table,medium
IDIOM-005,economy,construction,build retry with attempts cap,tim-kos/the_duke_ai + lewisc64,the_duke_lib + Transpiler emits,web-survey,build rules,sn-number-build-attempts-before-skip 20 + up-assign-builders + pending caps,can-build + build + up-pending-objects + up-assign-builders,none,SN attempts,none,none,production-admission,PENDING with bounded retries,retry barrier,metered,infra robustness,COMMUNITY PRACTICE,Duke + lewisc64 (independent: transpiler author re-derived),current,PARTIAL (build yes; attempts-SN unlowered),retry-barrier binding (PR86 covers storage),fixture-build-retry-cap,high
IDIOM-006,economy,production,current+queued unit target,lewisc64/aoe2ai + local-promisory,Transpiler Build/train emits + Promisory trains,web-survey,production rules,can-train + up-pending-objects + unit-type-count-total caps,train + can-train + up-pending-objects,none,none,none,none,production-admission,PENDING-COMPLETE,reassert while below target,metered,sustain production,COMMUNITY PRACTICE,lewisc64 + Promisory (convergent),current,PARTIAL (generic lifecycle; totals rejected as witness),queue-capacity + totals-as-witness,fixture-current-plus-queued,high
IDIOM-007,economy,research,escrow-gated age advance,local-promisory + tim-kos,escrow.per + commodity.per,dir-scan;web-survey,age rules,can-research-with-escrow => research; set-escrow-percentage guards,research + escrow facts,none,none,none,none,resource-escrow-control,PENDING-COMPLETE (permanent),protected reassert + emergency release,metered,tech timing,COMMUNITY PRACTICE,Promisory + Duke (independent impls; shared UP primitives),current,PARTIAL (feasibility facts; escrow ops unlowered),escrow-claim lowering,fixture-escrow-age-up,high
IDIOM-008,economy,resource-control,commodity/market balancing,tim-kos/the_duke_ai,the_duke_lib/commodity.per + resource_control 49KB,web-survey,commodity rules,escrow percentages + buy/sell commodity logic,up-modify-escrow + release-escrow (alleged),none,none,none,none,resource-escrow-control,transient arbitration,emergency overrides,free,boom/bank,COMMUNITY PRACTICE,Duke only (needs local corroboration),historical-AoC,PATIAL-NO (EVIDENCE_ONLY),full escrow lowering,fixture-commodity-escrow,low-medium
IDIOM-009,strategy,goals,goal-backed FSM (map/unit/rush state),tim-kos/the_duke_ai,the_duke_lib/constants.per 68KB,web-survey,game start,MAP-KIND/RUSH-CONTROL/G-PRIMARY-UNIT(+2)/UNDER-ATTACK goals,set-goal + goal + up-modify-goal,GOAL FSM (dozens of slots),SN modes coupled,timers coupled,none,all controllers,n/a (strategic storage),re-init + idempotent,free,strategy selection,COMMUNITY PRACTICE,Duke + Promisory const files (convergent need; independent values),current,YES (goal binding) for storage; strategy-synthesis NO,demand-to-strategy lifting,fixture-goal-fsm,high
IDIOM-010,strategy,sn,SN mode switching per age,tim-kos + niektb + local,constants + per-age rules,web-survey,age transitions,sn-cap-civilian-builders 3/5/8/12; percentages per age,set-strategic-number,none,SN modes,none,none,civilian-allocation,n/a,rewrite,free,age adaptation,COMMUNITY PRACTICE,all sources (convergent),current,PARTIAL (analysis; no emission),SN mode emission,fixture-sn-age-modes,high
IDIOM-011,control,timers,cooldown timers (diplomacy/resign/attack),tim-kos + local-promisory,attack/diplo rules,web-survey,control rules,enable-timer N S; timer-triggered N => act; T-RESIGN 30s vote,enable/disable-timer + timer-triggered,none,none,TIMER slots,none,attack control,PENDING-like expiry,rearm,free,pacing + voting,COMMUNITY PRACTICE,Duke + Promisory (convergent),current,PARTIAL (scheduler models; no DSL alloc),timer allocation from DSL,fixture-cooldown-timer,high
IDIOM-012,military,attack,town-size attack ladder (TSA),Eruner + tim-kos,size_attack.per 21.8KB + Duke TSA flag,web-survey,all 130 rules,sn-maximum-town-size==N + not enemy-buildings-in-town + goal size-attack => set N+1; ==144 => attack-now,attack-now + strategic-number + enemy-buildings-in-town,GOAL size-attack,SN town-size,none,none,town-size-defense-targeting,escalating ladder,restart ladder,cheap (130 rules),all-in timing,COMMUNITY PRACTICE (textbook aok.heavengames pattern = INHERITED not independent),Eruner + Duke (shared pattern; single lineage),historical-textbook (still valid?),PARTIAL (SN yes; attack lifecycle no),TSA codegen (unrolled vs arithmetic),fixture-tsa-ladder,high
IDIOM-013,military,attack,military-superiority staircase,niektb-AI,Default/Military Superiority.per 33KB,web-survey,10-pop buckets,military-population vs players-military-population every/any-enemy -2..+2 buckets,players-military-population + military-population,none,none,none,none,attack-group-control,assessment,reassess,free,engagement decision,COMMUNITY PRACTICE (may be inherited CPSB-era),Niek + Duke military_parity (shared? lineage unclear),historical,NO (comparison facts exist; decision synthesis no),parity-decision synthesis,fixture-military-parity,medium
IDIOM-014,military,attack,town-under-attack response toggle,niektb-AI,Atilla.per,web-survey,defense rules,town-under-attack => sn-enemy-sighted-response 2/144 + siege-weapon eval 100/0 + attack-groups 200/0,attack-now + SN posture set,none,SN posture cluster,none,none,exploration+attack,posture switch,restore posture,free,defense,COMMUNITY PRACTICE,Niek only (needs corroboration),historical-AoC,NO (controllers EVIDENCE_ONLY),posture-cluster binding,fixture-defense-toggle,medium
IDIOM-015,military,attack,civ unit-combo tables,tim-kos/the_duke_ai,the_duke_lib/unit_combos.per 152KB + counter_units 34.7KB,web-survey,composition rules,civ => PRIMARY/SECONDARY-UNIT + COMBAT-SIEGE-UNIT goals,train + research counters,GOAL composition,SN targeting tweaks,none,none,all,assessment + production,tech switch,free,counters,COMMUNITY PRACTICE + STRATEGY CHOICE,Duke only (needs Promisory/Naga corroboration),historical-AoC (civ set stale),NO (strategy synthesis),composition-table synthesis,fixture-unit-combos,medium
IDIOM-016,military,duc,primitive TC/retreat DUC,tim-kos/the_duke_ai,the_duke_lib (attack/discovery),web-survey,scout rules,up-full-reset-search + up-find-local TC + up-set-target-object + up-get-point + up-copy-point retreatpoint,up-find + up-set-target + up-get-point + up-copy-point,Goal outputs (alleged),SN focus-player,none,DUC search+target,duc-search-state,one-shot pipelines,re-search,moderate,micro/scouting,COMMUNITY PRACTICE,Duke + lewisc64 templates (convergent UP patterns),current,ANALYZER-YES / EMISSION-NO,DUC emission from DSL,fixture-duc-basic-pipeline,high
IDIOM-017,military,duc,full micro pipeline (filter/sort/groups),lewisc64/aoe2ai,Rules/DUC/ + documentation/attack with duc.md,web-survey,DUC templates,up-find + up-filter-distance + up-remove-objects + up-target-objects + groups,full DUC set,Goal spans,SN focus-player,TIMER stance?,DUC all,duc-target-control,target STALE handling,moderate-high,unit micro,COMMUNITY PRACTICE,lewisc64 + Promisory 11k up-find hits (convergent need),current,ANALYZER-YES / EMISSION-NO,DUC emission,fixture-duc-full-pipeline,high
IDIOM-018,economy,duc,deer/sheep/boar lure DUC,lewisc64/aoe2ai + local-promisory,ManageScouting/LureBoars + boarhunting.per,web-survey,lure rules,up-find-remote 909 + up-lerp-tiles + up-target-point; sheep 592/590 livestock,up-find-remote + up-target-point + up-request-hunters,none,none,none,DUC search+target,civilian-allocation,one-shot,retry,moderate,food eco,COMMUNITY PRACTICE,lewisc64 + Promisory boarhunting (convergent),current,ANALYZER-YES / EMISSION-NO,DUC emission,fixture-lure-duc,high
IDIOM-019,control,rules,one-shot init via disable-self,all-local + Duke,init.per + per-age inits,dir-scan;web-survey,init rules,fact => set modes + disable-self,any init actions,GOAL inits,SN inits,TIMER arms,none,all,n/a,fires once,n/a,free,setup,COMMUNITY PRACTICE (universal),all (convergent),current,YES (scheduler models),none,existing tests,high
IDIOM-020,control,rules,jump dispatch tables,local-promisory,multiple .per,dir-scan,dispatch regions,up-jump-rule N chains (6449 hits),up-jump-rule,GOAL dispatch index,none,none,none,none,rule skipping,restructure hazard,free,control flow,COMMUNITY PRACTICE,Promisory-heavy (needs per-file study),current,YES (scheduler skip model),jump-into-disabled proof,fixture-jump-dispatch,medium
IDIOM-021,control,loads,per-map conditional loads,tim-kos/the_duke_ai,loader + the_duke_lib,web-survey,load section,#load-if-defined ARABIA/ARENA/BLACK-FOREST/.../CUSTOM-MAP,load directives,GOAL MAP-KIND fallback,none,none,none,none,static inclusion,n/a,free,map adaptation,HISTORICAL ARTIFACT (pre-DE map set) + WORKAROUND (taunt vote for custom),Duke only,historical,YES (source graph conditionals),DE map-set update,fixture-map-loads,high
IDIOM-022,control,loads,custom-map taunt vote,tim-kos/the_duke_ai,loader,web-survey,game start,chat 1-land/2-ocean/3-rivers/4-island + taunt-detected 1-4 => MAP-KIND + timeout land,chat + taunt-detected + goal,GOAL MAP-KIND,none,T-vote?,none,none,one-shot vote,fallback,free,map detect,COMMUNITY PRACTICE (era-specific),Duke only,historical,NO (diplomacy unmodeled),none,fixture-taunt-vote,medium
IDIOM-023,control,loads,team-bonus chats + diplo timers,tim-kos/the_duke_ai,DoBasicDiplomacy 11.9KB (lewisc64) + Duke,web-survey,diplo rules,game-time>4 => chat 39/40 per-civ team bonus; T-DIPLOMACY rearm,chat + timers,none,none,TIMER diplo,none,none,periodic,rearm,free,team play,COMMUNITY PRACTICE,Duke + lewisc64 (convergent need),current,NO (diplomacy unmodeled),none,fixture-diplo,medium
IDIOM-024,economy,production,escrow-protected research reassertion,local-promisory,research rules,dir-scan,research rules,can-research-with-escrow => research + release-escrow fallback,research + escrow ops,none,none,none,none,research-admission,PENDING permanent,protected reassert,metered,tech sustain,COMMUNITY PRACTICE,Promisory (needs file-level cite),current,PARTIAL (generic research; escrow-claim no),escrow-claim lowering,fixture-research-reassert,medium-high
IDIOM-025,military,production,counter-unit reactive trains,tim-kos/the_duke_ai,counter_units.per 34.7KB,web-survey,reactive rules,enemy-X-count => train-counter + research-counter-upgrade,train + research,GOAL threat?,SN?,none,none,production-admission,PENDING,reassess on scout info,metered,counters,COMMUNITY PRACTICE,Duke only (needs Naga/Promisory corroboration),historical-AoC,NO (info-to-production coupling),scout-coupled production,fixture-counter-trains,medium
IDIOM-026,control,recovery,starvation emergency release,local-promisory (alleged),resource rules,dir-scan,recovery rules,stock low + escrow held => release-escrow + villager reshuffle,release-escrow + SN percentages,GOAL emergency?,SN gatherer %,none,none,resource control,override transient,release + restore,free,anti-stall,COMMUNITY PRACTICE (classic),needs file cite,current,NO (escrow unlowered),emergency-override lowering,fixture-starvation-release,medium
IDIOM-027,economy,construction,forward-build rules,mboop127 genome (build-forward),AlphaScripter ai_writer,web-survey,genome,build-forward + up-build?,up-build (alleged),GOAL forward?,SN?,none,DUC?,none,PENDING,retry,metered,aggression,COMMUNITY PRACTICE (weak; GA artifact),single-source,current?,NO,none,fixture-forward-build,low
IDIOM-028,control,packaging,single-load vendored AI,local-ai,ByzMetaTeacher-main loader,dir-scan,1 line,(load "Basilisk\Basilisk"),load,none,none,none,none,none,static,n/a,free,distribution,COMMUNITY PRACTICE (observed),single-source (local),current,YES (trivially),none,existing source-graph tests,high
IDIOM-029,control,xs,.xs telemetry bridge,local-ai,Belisarius_*.xs + BasiliskTelemetry.xs,dir-scan,shims,.xs const/effect mirrors of .per state,up-get-fact? (xs-side),GOAL mirrors?,SN mirrors?,none,none,all,.xs boundary,n/a,free,observability,COMMUNITY PRACTICE (Basilisk-family),single lineage,current,NO (.xs boundary unmodeled),xs-boundary semantics,fixture-xs-bridge,medium
IDIOM-030,strategy,selection,build-order lowering onto base AI,TMB-2197 (via survey),AICompilerDE + generic.xlsx,web-survey,external,spreadsheet => Immortal-base .per injection,build/train/research ordered,GOAL phases?,SN?,none,none,all,ordered phases,reassert,metered,openings,COMMUNITY PRACTICE,TMB + lewisc64 #do-once (convergent lowering need),current,PARTIAL (strategy IR exists; build-order import no),build-order import,fixture-build-order,medium
IDIOM-031,military,attack,wonder-race + wonder-kill rules,tim-kos/the_duke_ai,wonder.per + wonder_kill.per,web-survey,late game,wonder build detect + kill response,build wonder + attack-now?,GOAL wonder?,none,none,none,all,terminal,reassess,metered,closers,COMMUNITY PRACTICE,Duke only,historical,NO,none,fixture-wonder,low
IDIOM-032,economy,production,fishing-ship + warboat split,tim-kos/the_duke_ai,fishingship + warboat.per,web-survey,water rules,MAIN-SHIP-BUILDER goal + dock trains,train ships,GOAL ship-builder,SN?,none,none,all,PENDING,reassign,metered,water play,COMMUNITY PRACTICE,Duke only (needs Naga water corroboration),historical,PARTIAL (generic train),water-economy coupling,fixture-water-split,medium
